{
    "White": {
        "Overall": [
            -0.03999999999999998,
            -0.12,
            0.19999999999999996,
            0.17,
            -0.0,
            -0.2599999999999998,
            -0.13000000000000078,
            0.02999999999999936,
            -0.1299999999999999,
            0.4500000000000002,
            0.4800000000000004,
            0.5099999999999998,
            0.15000000000000036,
            0.21999999999999975,
            0.4299999999999997,
            0.040000000000000036,
            1.0,
            0.79,
            -0.019999999999999574,
            0.28000000000000025,
            0.41999999999999993,
            0.6600000000000001,
            -0.009999999999999787
        ],
        "Equal": [
            -0.03999999999999998,
            -0.12,
            0.19999999999999996,
            0.17,
            -0.0
        ],
        "Winning": [
            -0.2599999999999998,
            -0.13000000000000078,
            0.02999999999999936,
            -0.1299999999999999,
            0.4500000000000002,
            0.4800000000000004,
            0.5099999999999998,
            0.15000000000000036,
            0.21999999999999975,
            0.4299999999999997,
            0.040000000000000036,
            1.0,
            0.79,
            -0.019999999999999574,
            0.28000000000000025,
            0.41999999999999993,
            0.6600000000000001,
            -0.009999999999999787
        ],
        "Losing": []
    },
    "Black": {
        "Overall": [
            -0.12,
            0.03999999999999998,
            0.0,
            0.04000000000000001,
            2.19,
            2.26,
            0.40999999999999925,
            0.0,
            0.34999999999999964,
            0.7200000000000006,
            0.9900000000000002,
            0.3099999999999996,
            0.25,
            0.16999999999999993,
            0.4400000000000004,
            0.2999999999999998,
            0.8700000000000001,
            0.45999999999999996,
            -0.009999999999999787,
            0.08999999999999986,
            0.7400000000000002,
            9.23
        ],
        "Equal": [
            -0.12,
            0.03999999999999998,
            0.0,
            0.04000000000000001,
            2.19
        ],
        "Winning": [],
        "Losing": [
            2.26,
            0.40999999999999925,
            0.0,
            0.34999999999999964,
            0.7200000000000006,
            0.9900000000000002,
            0.3099999999999996,
            0.25,
            0.16999999999999993,
            0.4400000000000004,
            0.2999999999999998,
            0.8700000000000001,
            0.45999999999999996,
            -0.009999999999999787,
            0.08999999999999986,
            0.7400000000000002,
            9.23
        ]
    }
}