{
    "White": {
        "Overall": [
            -0.03999999999999998,
            -0.12,
            0.18,
            0.030000000000000027,
            -0.009999999999999953,
            0.040000000000000036,
            0.9300000000000002,
            0.10999999999999999,
            0.36000000000000004,
            3.9,
            0.1900000000000004,
            -0.009999999999999787,
            0.6799999999999997,
            0.41000000000000014,
            0.47000000000000064,
            -0.040000000000000036,
            0.15000000000000036,
            0.04999999999999982,
            0.16999999999999993,
            0.03000000000000025,
            0.08999999999999986,
            -0.09999999999999964,
            -0.1200000000000001,
            1.8899999999999997,
            -0.08999999999999986,
            2.93,
            18.69,
            0.23999999999999977,
            18.61
        ],
        "Equal": [
            -0.03999999999999998,
            -0.12,
            0.18,
            0.030000000000000027,
            -0.009999999999999953,
            0.040000000000000036,
            0.10999999999999999,
            0.36000000000000004
        ],
        "Winning": [
            0.9300000000000002,
            3.9,
            0.1900000000000004,
            -0.009999999999999787,
            0.6799999999999997,
            0.41000000000000014,
            0.47000000000000064,
            -0.040000000000000036,
            0.15000000000000036,
            0.04999999999999982,
            0.16999999999999993,
            0.03000000000000025,
            0.08999999999999986,
            -0.09999999999999964,
            -0.1200000000000001,
            1.8899999999999997,
            -0.08999999999999986,
            2.93,
            18.69,
            0.23999999999999977,
            18.61
        ],
        "Losing": []
    },
    "Black": {
        "Overall": [
            -0.12,
            0.03999999999999998,
            0.10000000000000003,
            0.040000000000000036,
            0.050000000000000044,
            0.9500000000000002,
            0.07,
            0.4,
            4.14,
            4.390000000000001,
            -0.019999999999999574,
            0.6899999999999995,
            0.10000000000000053,
            0.0,
            1.4700000000000006,
            0.5599999999999996,
            0.7600000000000007,
            0.28999999999999915,
            0.34000000000000075,
            -0.08999999999999986,
            0.0,
            -0.16000000000000014,
            1.4899999999999993,
            0.010000000000000675,
            0.16999999999999993,
            -0.27,
            18.490000000000002,
            0.3500000000000001,
            -0.009999999999999787
        ],
        "Equal": [
            -0.12,
            0.03999999999999998,
            0.10000000000000003,
            0.040000000000000036,
            0.050000000000000044,
            0.9500000000000002,
            0.07,
            0.4,
            4.14,
            4.390000000000001
        ],
        "Winning": [
            18.490000000000002,
            -0.009999999999999787
        ],
        "Losing": [
            -0.019999999999999574,
            0.6899999999999995,
            0.10000000000000053,
            0.0,
            1.4700000000000006,
            0.5599999999999996,
            0.7600000000000007,
            0.28999999999999915,
            0.34000000000000075,
            -0.08999999999999986,
            0.0,
            -0.16000000000000014,
            1.4899999999999993,
            0.010000000000000675,
            0.16999999999999993,
            -0.27,
            0.3500000000000001
        ]
    }
}