{
    "White": [
        -0.04999999999999999,
        0.8,
        1.0,
        0.16999999999999993,
        0.13999999999999968,
        2.0,
        0.14000000000000057,
        -0.009999999999999787,
        0.3700000000000001,
        0.8100000000000005,
        -0.010000000000000675,
        -0.0600000000000005,
        0.3600000000000003,
        0.13999999999999968,
        0.3600000000000003,
        0.8199999999999994,
        -0.10000000000000053,
        0.3899999999999997,
        -0.09999999999999964,
        2.5300000000000002,
        1.4500000000000002,
        -0.3600000000000003,
        -0.040000000000000924,
        0.7400000000000002,
        0.19000000000000128,
        0.3100000000000005,
        -0.17999999999999972,
        -0.08000000000000007,
        2.0,
        -0.2400000000000002,
        0.3899999999999988,
        0.46000000000000085,
        0.009999999999999787,
        0.08000000000000007,
        -0.02999999999999936
    ],
    "Black": [
        -0.02999999999999997,
        0.020000000000000018,
        8.17,
        0.9199999999999999,
        0.22999999999999954,
        -0.14999999999999947,
        0.14000000000000057,
        0.03000000000000025,
        0.9500000000000002,
        -0.03000000000000025,
        0.4899999999999993,
        0.03000000000000025,
        0.22999999999999954,
        0.2400000000000002,
        0.20999999999999996,
        0.5799999999999992,
        0.20999999999999996,
        2.789999999999999,
        0.4400000000000013,
        -0.04999999999999982,
        0.05999999999999961,
        4.749999999999999,
        0.2699999999999996,
        0.7800000000000011,
        0.27000000000000135,
        0.1899999999999995,
        0.07000000000000028,
        0.5099999999999998,
        0.23000000000000043,
        0.6999999999999993,
        0.5199999999999996,
        0.16000000000000014,
        0.3800000000000008,
        0.1999999999999993
    ]
}