{
    "White": {
        "Overall": [
            -0.03999999999999998,
            -0.12,
            0.18,
            0.030000000000000027,
            -0.009999999999999953,
            0.040000000000000036,
            0.9300000000000002,
            0.29999999999999993,
            -0.03999999999999998,
            0.13,
            1.95,
            -0.010000000000000009,
            -0.0,
            1.3200000000000003,
            -0.04999999999999982,
            -0.22000000000000064,
            0.15000000000000036,
            0.2599999999999998,
            1.129999999999999,
            10.19,
            0.07999999999999996,
            -0.09000000000000001,
            4.55,
            -0.040000000000000036,
            4.359999999999999,
            0.16000000000000014,
            0.6799999999999997,
            0.6100000000000003,
            0.09999999999999964,
            0.21999999999999975,
            0.1299999999999999,
            0.1200000000000001,
            -0.040000000000000036,
            0.08999999999999986,
            0.16000000000000014,
            0.9699999999999998,
            0.009999999999999787,
            0.5899999999999999,
            0.54,
            0.6400000000000006,
            0.6300000000000008,
            -0.010000000000000009,
            -0.15999999999999998,
            -0.07999999999999999,
            -0.0,
            -0.0,
            -0.019999999999999997,
            -0.0
        ],
        "Equal": [
            -0.03999999999999998,
            -0.12,
            0.18,
            0.030000000000000027,
            -0.009999999999999953,
            0.040000000000000036,
            0.29999999999999993,
            -0.03999999999999998,
            0.13,
            1.95,
            0.07999999999999996,
            -0.09000000000000001,
            4.55,
            -0.010000000000000009,
            -0.15999999999999998,
            -0.07999999999999999,
            -0.0,
            -0.0,
            -0.019999999999999997,
            -0.0
        ],
        "Winning": [
            0.9300000000000002,
            -0.0,
            1.3200000000000003,
            -0.04999999999999982,
            -0.22000000000000064,
            0.15000000000000036,
            0.2599999999999998,
            1.129999999999999,
            10.19
        ],
        "Losing": [
            -0.010000000000000009,
            -0.040000000000000036,
            4.359999999999999,
            0.16000000000000014,
            0.6799999999999997,
            0.6100000000000003,
            0.09999999999999964,
            0.21999999999999975,
            0.1299999999999999,
            0.1200000000000001,
            -0.040000000000000036,
            0.08999999999999986,
            0.16000000000000014,
            0.9699999999999998,
            0.009999999999999787,
            0.5899999999999999,
            0.54,
            0.6400000000000006,
            0.6300000000000008
        ]
    },
    "Black": {
        "Overall": [
            -0.12,
            0.03999999999999998,
            0.10000000000000003,
            0.040000000000000036,
            0.050000000000000044,
            0.9500000000000002,
            0.37999999999999995,
            -0.09000000000000002,
            -0.019999999999999962,
            0.21000000000000002,
            0.020000000000000018,
            6.449999999999999,
            1.2600000000000007,
            0.79,
            1.7599999999999998,
            0.23000000000000043,
            0.09999999999999964,
            1.7899999999999991,
            1.2599999999999998,
            0.13,
            0.53,
            -0.09000000000000001,
            0.05999999999999961,
            2.2,
            -0.15000000000000036,
            -0.08000000000000007,
            0.16999999999999993,
            0.41000000000000014,
            -0.040000000000000036,
            1.0299999999999994,
            0.3100000000000005,
            -0.16000000000000014,
            -0.020000000000000462,
            0.0,
            0.9900000000000002,
            0.019999999999999574,
            0.5099999999999998,
            1.8399999999999999,
            0.010000000000000675,
            0.6800000000000006,
            6.25,
            -0.019999999999999962,
            0.13,
            0.0,
            0.0,
            0.010000000000000002,
            0.01
        ],
        "Equal": [
            -0.12,
            0.03999999999999998,
            0.10000000000000003,
            0.040000000000000036,
            0.050000000000000044,
            0.9500000000000002,
            0.37999999999999995,
            -0.09000000000000002,
            -0.019999999999999962,
            0.21000000000000002,
            0.13,
            0.53,
            -0.09000000000000001,
            -0.019999999999999962,
            0.13,
            0.0,
            0.0,
            0.010000000000000002,
            0.01
        ],
        "Winning": [
            0.020000000000000018,
            6.449999999999999,
            0.05999999999999961,
            2.2,
            -0.15000000000000036,
            -0.08000000000000007,
            0.16999999999999993,
            0.41000000000000014,
            -0.040000000000000036,
            1.0299999999999994,
            0.3100000000000005,
            -0.16000000000000014,
            -0.020000000000000462,
            0.0,
            0.9900000000000002,
            0.019999999999999574,
            0.5099999999999998,
            1.8399999999999999,
            0.010000000000000675,
            0.6800000000000006,
            6.25
        ],
        "Losing": [
            1.2600000000000007,
            0.79,
            1.7599999999999998,
            0.23000000000000043,
            0.09999999999999964,
            1.7899999999999991,
            1.2599999999999998
        ]
    }
}