{
    "White": [
        0.03,
        0.73,
        1.05,
        0.009999999999999787,
        0.04999999999999982,
        1.9299999999999997,
        -0.0600000000000005,
        -0.03000000000000025,
        0.2400000000000002,
        1.7599999999999998,
        4.35,
        0.33000000000000007,
        -0.1299999999999999,
        -0.1299999999999999,
        11.23,
        0.1900000000000004,
        0.10000000000000009,
        -0.4900000000000002,
        -0.03000000000000025,
        -0.16000000000000014,
        3.7700000000000005,
        -0.1900000000000004,
        0.16000000000000014,
        0.02999999999999936,
        5.38,
        8.65,
        1.45,
        -0.16000000000000003,
        7.99,
        0.009999999999999787,
        0.3000000000000007
    ],
    "Black": [
        0.010000000000000009,
        0.0,
        8.1,
        0.96,
        -0.020000000000000462,
        -0.08000000000000007,
        -0.13000000000000078,
        -0.16999999999999993,
        0.2400000000000002,
        -0.20999999999999996,
        -0.13000000000000012,
        4.57,
        1.7000000000000002,
        1.3600000000000003,
        -0.17999999999999972,
        1.3400000000000003,
        9.43,
        1.3600000000000003,
        0.7599999999999998,
        0.5800000000000001,
        -0.08000000000000007,
        -0.8600000000000003,
        0.46999999999999975,
        0.5,
        0.5699999999999994,
        5.24,
        3.05,
        1.1099999999999999,
        0.27999999999999997,
        -0.16000000000000014,
        0.40000000000000036,
        0.10000000000000142
    ]
}