{
    "White": [
        -0.0,
        -0.060000000000000026,
        0.009999999999999953,
        -0.010000000000000009,
        0.020000000000000018,
        0.22,
        0.010000000000000009,
        0.020000000000000018,
        -0.02999999999999997,
        0.010000000000000009,
        -0.0,
        0.21999999999999997,
        -0.0,
        -0.009999999999999787,
        0.02999999999999936,
        0.5999999999999996,
        0.1999999999999993,
        3.96,
        11.29,
        3.2600000000000002,
        7.2,
        6.75,
        0.03999999999999915,
        8.1,
        8.24,
        8.01,
        8.09,
        8.56,
        8.26,
        0.050000000000000266,
        7.470000000000001,
        1.1699999999999995,
        0.3100000000000005,
        0.3600000000000003,
        -0.009999999999999787,
        0.010000000000000231,
        2.9600000000000004,
        0.27999999999999936,
        0.16000000000000014,
        0.9300000000000006,
        0.8599999999999994,
        0.4899999999999993,
        -0.04999999999999982,
        0.1299999999999999,
        0.6100000000000003,
        -0.29000000000000004,
        0.22999999999999954,
        -0.019999999999999574,
        0.9900000000000002,
        0.0600000000000005,
        0.040000000000000036,
        10.469999999999999,
        0.040000000000000036,
        -0.1200000000000001,
        -0.020000000000000462,
        -0.1200000000000001,
        -0.04999999999999982,
        0.25,
        14.280000000000001,
        10.75,
        19.48,
        -10.43,
        -0.010000000000000009,
        -0.06,
        -0.020000000000000018,
        5.35,
        65.33999999999999,
        18.04,
        5.93,
        0.6900000000000048,
        -0.28,
        -0.0,
        -0.0
    ],
    "Black": [
        -0.04000000000000001,
        0.009999999999999953,
        0.03999999999999998,
        0.10999999999999999,
        0.010000000000000009,
        0.13000000000000003,
        -0.010000000000000009,
        -0.019999999999999962,
        0.16999999999999998,
        0.77,
        -0.07000000000000006,
        3.0300000000000002,
        0.029999999999999805,
        1.54,
        -0.28000000000000025,
        4.119999999999999,
        0.6999999999999993,
        1.5300000000000002,
        8.34,
        0.20999999999999996,
        6.930000000000001,
        1.1999999999999993,
        8.44,
        8.25,
        8.14,
        8.16,
        8.19,
        8.52,
        0.6000000000000001,
        7.42,
        0.6499999999999999,
        0.45999999999999996,
        -0.009999999999999787,
        1.4400000000000004,
        0.010000000000000231,
        -0.029999999999999805,
        -0.08000000000000007,
        0.34999999999999964,
        0.5200000000000005,
        0.7800000000000002,
        1.0799999999999992,
        0.6799999999999997,
        0.5300000000000002,
        0.96,
        9.940000000000001,
        0.02999999999999936,
        0.3600000000000003,
        0.4400000000000004,
        0.1200000000000001,
        0.2400000000000002,
        0.2999999999999998,
        -0.4299999999999997,
        -0.28000000000000025,
        0.08999999999999986,
        11.04,
        0.5500000000000007,
        -0.04999999999999982,
        2.4699999999999998,
        28.66,
        0.5600000000000005,
        -39.239999999999995,
        35.349999999999994,
        0.010000000000000009,
        0.0,
        0.0,
        5.359999999999999,
        35.64999999999999,
        -9.159999999999997,
        8.07,
        55.34,
        0.0,
        0.0,
        0.010000000000000002
    ]
}