{
    "White": {
        "Overall": [
            -0.03999999999999998,
            -0.12,
            0.18,
            0.030000000000000027,
            -0.009999999999999953,
            0.040000000000000036,
            0.9300000000000002,
            -0.06999999999999995,
            0.15999999999999998,
            0.55,
            0.13,
            0.47,
            0.39,
            -0.010000000000000009,
            0.18,
            0.31,
            0.46,
            -0.1499999999999999,
            0.02999999999999936,
            0.1200000000000001,
            1.9100000000000001,
            -0.11000000000000032,
            9.75,
            -0.0,
            0.5899999999999999,
            0.46999999999999975,
            0.9199999999999999,
            0.8300000000000001,
            0.47999999999999954,
            3.2700000000000005,
            0.33000000000000007,
            0.6800000000000006,
            0.27999999999999936,
            0.5800000000000001,
            0.620000000000001,
            0.4499999999999993,
            0.6599999999999993,
            0.6300000000000008,
            0.049999999999998934,
            -0.040000000000000924,
            0.030000000000001137,
            0.3000000000000007,
            -0.33999999999999986,
            0.2600000000000007,
            0.05999999999999961,
            0.17999999999999972,
            0.5099999999999998,
            0.020000000000000462,
            0.11000000000000032,
            0.27000000000000046,
            0.15000000000000036,
            0.15999999999999925,
            0.09000000000000075,
            0.20999999999999996,
            0.08000000000000007,
            0.0699999999999994,
            0.5700000000000003,
            0.02999999999999936,
            0.3799999999999999
        ],
        "Equal": [
            -0.03999999999999998,
            -0.12,
            0.18,
            0.030000000000000027,
            -0.009999999999999953,
            0.040000000000000036,
            -0.06999999999999995,
            0.15999999999999998,
            0.55,
            0.13,
            0.47,
            0.39,
            -0.010000000000000009,
            0.18,
            0.31,
            0.46,
            -0.1499999999999999
        ],
        "Winning": [
            0.9300000000000002,
            0.02999999999999936,
            0.1200000000000001,
            1.9100000000000001,
            -0.11000000000000032,
            9.75
        ],
        "Losing": [
            -0.0,
            0.5899999999999999,
            0.46999999999999975,
            0.9199999999999999,
            0.8300000000000001,
            0.47999999999999954,
            3.2700000000000005,
            0.33000000000000007,
            0.6800000000000006,
            0.27999999999999936,
            0.5800000000000001,
            0.620000000000001,
            0.4499999999999993,
            0.6599999999999993,
            0.6300000000000008,
            0.049999999999998934,
            -0.040000000000000924,
            0.030000000000001137,
            0.3000000000000007,
            -0.33999999999999986,
            0.2600000000000007,
            0.05999999999999961,
            0.17999999999999972,
            0.5099999999999998,
            0.020000000000000462,
            0.11000000000000032,
            0.27000000000000046,
            0.15000000000000036,
            0.15999999999999925,
            0.09000000000000075,
            0.20999999999999996,
            0.08000000000000007,
            0.0699999999999994,
            0.5700000000000003,
            0.02999999999999936,
            0.3799999999999999
        ]
    },
    "Black": {
        "Overall": [
            -0.12,
            0.03999999999999998,
            0.10000000000000003,
            0.040000000000000036,
            0.050000000000000044,
            0.9500000000000002,
            0.07,
            0.010000000000000009,
            0.46,
            0.04999999999999999,
            0.33999999999999997,
            0.13,
            -0.04000000000000001,
            0.26,
            -0.05,
            0.010000000000000009,
            0.07000000000000006,
            5.2299999999999995,
            0.1899999999999995,
            1.8800000000000008,
            0.2999999999999998,
            0.22999999999999954,
            0.08999999999999986,
            0.4500000000000002,
            0.5599999999999996,
            0.0,
            0.6600000000000001,
            0.22999999999999954,
            1.67,
            -0.0699999999999994,
            0.45999999999999996,
            0.07000000000000028,
            0.6899999999999995,
            0.6500000000000004,
            0.22000000000000064,
            0.5699999999999994,
            0.09999999999999964,
            1.0,
            -0.5300000000000011,
            -0.2699999999999996,
            -0.09999999999999964,
            -0.35999999999999943,
            3.6800000000000006,
            0.040000000000000036,
            -0.07000000000000028,
            0.20999999999999996,
            0.04999999999999982,
            0.07000000000000028,
            0.35000000000000053,
            -0.0699999999999994,
            0.3899999999999997,
            0.54,
            0.05000000000000071,
            0.16999999999999993,
            -0.0600000000000005,
            0.5899999999999999,
            -0.07000000000000028,
            0.39999999999999947,
            -0.05999999999999961
        ],
        "Equal": [
            -0.12,
            0.03999999999999998,
            0.10000000000000003,
            0.040000000000000036,
            0.050000000000000044,
            0.9500000000000002,
            0.07,
            0.010000000000000009,
            0.46,
            0.04999999999999999,
            0.33999999999999997,
            0.13,
            -0.04000000000000001,
            0.26,
            -0.05,
            0.010000000000000009,
            0.07000000000000006,
            5.2299999999999995
        ],
        "Winning": [
            0.08999999999999986,
            0.4500000000000002,
            0.5599999999999996,
            0.0,
            0.6600000000000001,
            0.22999999999999954,
            1.67,
            -0.0699999999999994,
            0.45999999999999996,
            0.07000000000000028,
            0.6899999999999995,
            0.6500000000000004,
            0.22000000000000064,
            0.5699999999999994,
            0.09999999999999964,
            1.0,
            -0.5300000000000011,
            -0.2699999999999996,
            -0.09999999999999964,
            -0.35999999999999943,
            3.6800000000000006,
            0.040000000000000036,
            -0.07000000000000028,
            0.20999999999999996,
            0.04999999999999982,
            0.07000000000000028,
            0.35000000000000053,
            -0.0699999999999994,
            0.3899999999999997,
            0.54,
            0.05000000000000071,
            0.16999999999999993,
            -0.0600000000000005,
            0.5899999999999999,
            -0.07000000000000028,
            0.39999999999999947,
            -0.05999999999999961
        ],
        "Losing": [
            0.1899999999999995,
            1.8800000000000008,
            0.2999999999999998,
            0.22999999999999954
        ]
    }
}