{
    "White": {
        "Overall": [
            -0.03999999999999998,
            0.39,
            0.30000000000000004,
            6.680000000000001,
            0.5700000000000003,
            2.0199999999999996,
            1.0999999999999996,
            -0.04999999999999982,
            -0.27000000000000046,
            2.1399999999999997,
            0.79,
            1.1600000000000001,
            0.3799999999999999,
            1.2900000000000005,
            0.6399999999999997,
            1.3699999999999997
        ],
        "Equal": [
            -0.03999999999999998,
            0.39,
            0.30000000000000004,
            6.680000000000001
        ],
        "Winning": [
            -0.04999999999999982,
            -0.27000000000000046,
            2.1399999999999997,
            0.79,
            1.1600000000000001,
            0.3799999999999999,
            1.2900000000000005,
            0.6399999999999997,
            1.3699999999999997
        ],
        "Losing": [
            0.5700000000000003,
            2.0199999999999996,
            1.0999999999999996
        ]
    },
    "Black": {
        "Overall": [
            -0.12,
            0.05,
            1.19,
            0.6000000000000005,
            0.5,
            1.6399999999999997,
            9.95,
            2.07,
            0.4899999999999993,
            -0.020000000000000018,
            0.8600000000000003,
            0.7999999999999998,
            0.8800000000000003,
            0.81,
            1.1099999999999994
        ],
        "Equal": [
            -0.12,
            0.05,
            1.19
        ],
        "Winning": [
            0.6000000000000005,
            0.5,
            1.6399999999999997,
            9.95
        ],
        "Losing": [
            2.07,
            0.4899999999999993,
            -0.020000000000000018,
            0.8600000000000003,
            0.7999999999999998,
            0.8800000000000003,
            0.81,
            1.1099999999999994
        ]
    }
}